<archive xmlns="http://rs.tdwg.org/dwc/text/" metadata="eml.xml">
  <core encoding="utf-8" fieldsTerminatedBy="\t" linesTerminatedBy="\n" fieldsEnclosedBy="" ignoreHeaderLines="1" rowType="http://rs.tdwg.org/dwc/terms/Taxon">
    <files>
      <location>taxon.txt</location>
    </files>
    <id index="0" />
    <field index="1" term="http://rs.tdwg.org/dwc/terms/scientificNameID"/>
    <field index="2" term="http://rs.tdwg.org/dwc/terms/taxonConceptID"/>
    <field index="3" term="http://rs.tdwg.org/dwc/terms/scientificName"/>
    <field index="4" term="http://rs.tdwg.org/dwc/terms/acceptedNameUsage"/>
    <field index="5" term="http://rs.tdwg.org/dwc/terms/originalNameUsage"/>
    <field index="6" term="http://rs.tdwg.org/dwc/terms/nameAccordingTo"/>
    <field index="7" term="http://rs.tdwg.org/dwc/terms/namePublishedIn"/>
    <field index="8" term="http://rs.tdwg.org/dwc/terms/namePublishedInYear"/>
    <field index="9" term="http://rs.tdwg.org/dwc/terms/higherClassification"/>
    <field index="10" term="http://rs.tdwg.org/dwc/terms/kingdom"/>
    <field index="11" term="http://rs.tdwg.org/dwc/terms/phylum"/>
    <field index="12" term="http://rs.tdwg.org/dwc/terms/class"/>
    <field index="13" term="http://rs.tdwg.org/dwc/terms/order"/>
    <field index="14" term="http://rs.tdwg.org/dwc/terms/family"/>
    <field index="15" term="http://rs.tdwg.org/dwc/terms/genus"/>
    <field index="16" term="http://rs.tdwg.org/dwc/terms/subgenus"/>
    <field index="17" term="http://rs.tdwg.org/dwc/terms/specificEpithet"/>
    <field index="18" term="http://rs.tdwg.org/dwc/terms/infraspecificEpithet"/>
    <field index="19" term="http://rs.tdwg.org/dwc/terms/taxonRank"/>
    <field index="20" term="http://rs.tdwg.org/dwc/terms/verbatimTaxonRank"/>
    <field index="21" term="http://rs.tdwg.org/dwc/terms/scientificNameAuthorship"/>
    <field index="22" term="http://rs.tdwg.org/dwc/terms/vernacularName"/>
    <field index="23" term="http://rs.tdwg.org/dwc/terms/nomenclaturalCode"/>
    <field index="24" term="http://rs.tdwg.org/dwc/terms/taxonomicStatus"/>
    <field index="25" term="http://rs.tdwg.org/dwc/terms/nomenclaturalStatus"/>
    <field index="26" term="http://rs.tdwg.org/dwc/terms/taxonRemarks"/>
    <field index="27" term="http://purl.org/dc/terms/modified"/>
    <field index="28" term="http://purl.org/dc/terms/language"/>
    <field index="29" term="http://purl.org/dc/terms/rights"/>
    <field index="30" term="http://purl.org/dc/terms/rightsHolder"/>
    <field index="31" term="http://purl.org/dc/terms/accessRights"/>
    <field index="32" term="http://purl.org/dc/terms/bibliographicCitation"/>
    <field index="33" term="http://rs.tdwg.org/dwc/terms/informationWithheld"/>
    <field index="34" term="http://rs.tdwg.org/dwc/terms/datasetID"/>
    <field index="35" term="http://rs.tdwg.org/dwc/terms/datasetName"/>
    <field index="36" term="http://purl.org/dc/terms/references"/>
    <field index="37" term="http://purl.org/dc/terms/source"/>
  </core>
  <extension encoding="utf-8" fieldsTerminatedBy="\t" linesTerminatedBy="\n" fieldsEnclosedBy="" ignoreHeaderLines="1" rowType="http://www.gisin.org/IASProfile/SpeciesStatus">
    <files>
      <location>speciesstatus.txt</location>
    </files>
    <coreid index="0" />
    <field index="1" term="http://www.gisin.org/IASProfile/Abundance"/>
    <field index="2" term="http://www.gisin.org/IASProfile/Distribution"/>
    <field index="3" term="http://www.gisin.org/IASProfile/Harmful"/>
    <field index="4" term="http://www.gisin.org/IASProfile/Origin"/>
    <field index="5" term="http://www.gisin.org/IASProfile/Persistence"/>
    <field index="6" term="http://www.gisin.org/IASProfile/Presence"/>
    <field index="7" term="http://www.gisin.org/IASProfile/PublicationDate"/>
    <field index="8" term="http://www.gisin.org/IASProfile/RateOfSpread"/>
    <field index="9" term="http://www.gisin.org/IASProfile/RegulatoryListing"/>
    <field index="10" term="http://www.gisin.org/IASProfile/Trend"/>
    <field index="11" term="http://www.gisin.org/IASProfile/Citation"/>
    <field index="12" term="http://www.gisin.org/IASProfile/Concept"/>
    <field index="13" term="http://www.gisin.org/IASProfile/Count"/>
    <field index="14" term="http://rs.tdwg.org/dwc/terms/countryCode"/>
    <field index="15" term="http://rs.tdwg.org/dwc/terms/country"/>
    <field index="16" term="http://purl.org/dc/terms/modified"/>
    <field index="17" term="http://www.gisin.org/IASProfile/DateLastModifiedMax"/>
    <field index="18" term="http://www.gisin.org/IASProfile/DateLastModifiedMin"/>
    <field index="19" term="http://www.gisin.org/IASProfile/EndValidDate"/>
    <field index="20" term="http://rs.tdwg.org/dwc/terms/Kingdom"/>
    <field index="21" term="http://purl.org/dc/terms/language"/>
    <field index="22" term="http://www.gisin.org/IASProfile/Limit"/>
    <field index="23" term="http://www.gisin.org/IASProfile/LocalityName"/>
    <field index="24" term="http://www.gisin.org/IASProfile/LocalityType"/>
    <field index="25" term="http://www.gisin.org/IASProfile/LocationStandard"/>
    <field index="26" term="http://www.gisin.org/IASProfile/LocationValue"/>
    <field index="27" term="http://www.gisin.org/IASProfile/Memo"/>
    <field index="28" term="http://rs.tdwg.org/dwc/terms/ScientificName"/>
    <field index="29" term="http://www.gisin.org/IASProfile/Start"/>
    <field index="30" term="http://www.gisin.org/IASProfile/StartValidDate"/>
    <field index="31" term="http://rs.tdwg.org/dwc/terms/stateProvince"/>
    <field index="32" term="http://www.gisin.org/IASProfile/ValidDateMax"/>
    <field index="33" term="http://www.gisin.org/IASProfile/ValidDateMin"/>
  </extension>
  <extension encoding="utf-8" fieldsTerminatedBy="\t" linesTerminatedBy="\n" fieldsEnclosedBy="" ignoreHeaderLines="1" rowType="http://purl.org/pliniancore/terms/ManagementAndConservationAtomizedClass">
    <files>
      <location>pliniancore_managementandconservation_v3.2.1.txt</location>
    </files>
    <coreid index="0" />
    <field index="1" term="http://purl.org/pliniancore/terms/ManagementAndConservationType"/>
    <field index="2" term="http://purl.org/pliniancore/terms/Objectives"/>
    <field index="3" term="http://purl.org/pliniancore/terms/ManagementPlan"/>
    <field index="4" term="http://purl.org/pliniancore/terms/Actions"/>
    <field index="5" term="http://purl.org/pliniancore/terms/HumanAndEnvironmentalRelevance"/>
  </extension>
  <extension encoding="utf-8" fieldsTerminatedBy="\t" linesTerminatedBy="\n" fieldsEnclosedBy="" ignoreHeaderLines="1" rowType="http://purl.org/pliniancore/terms/PlinianCoreTaxon">
    <files>
      <location>pliniancore_v3.2.1.txt</location>
    </files>
    <coreid index="0" />
    <field index="1" term="http://purl.org/pliniancore/terms/TaxonRecordID"/>
    <field index="2" term="http://purl.org/pliniancore/terms/GlobalUniqueIdentifier"/>
    <field index="3" term="http://purl.org/pliniancore/terms/Abstract"/>
    <field index="4" term="http://purl.org/pliniancore/terms/AudiencesUnstructured"/>
    <field index="5" term="http://purl.org/pliniancore/terms/SynonymsUnstructured"/>
    <field index="6" term="http://purl.org/pliniancore/terms/DetailUnstructured"/>
    <field index="7" term="http://purl.org/pliniancore/terms/BriefDescription"/>
    <field index="8" term="http://purl.org/pliniancore/terms/FullDescriptionUnstructured"/>
    <field index="9" term="http://purl.org/pliniancore/terms/Keys"/>
    <field index="10" term="http://purl.org/pliniancore/terms/LifeFormUnstructured"/>
    <field index="11" term="http://purl.org/pliniancore/terms/LifeCycleUnstructured"/>
    <field index="12" term="http://purl.org/pliniancore/terms/ReproductionUnstructured"/>
    <field index="13" term="http://purl.org/pliniancore/terms/AnnualCycleEvent"/>
    <field index="14" term="http://purl.org/pliniancore/terms/AnnualCycleStartTimeInterval"/>
    <field index="15" term="http://purl.org/pliniancore/terms/AnnualCycleEndTimeInterval"/>
    <field index="16" term="http://purl.org/pliniancore/terms/AnnualCycleUnstructured"/>
    <field index="17" term="http://purl.org/pliniancore/terms/FeedingType"/>
    <field index="18" term="http://purl.org/pliniancore/terms/FeedingThropicStrategy"/>
    <field index="19" term="http://purl.org/pliniancore/terms/FeedingThropicStrategyRemarks"/>
    <field index="20" term="http://purl.org/pliniancore/terms/FeedingUnstructured"/>
    <field index="21" term="http://purl.org/pliniancore/terms/DispersalType"/>
    <field index="22" term="http://purl.org/pliniancore/terms/StructureDispersed"/>
    <field index="23" term="http://purl.org/pliniancore/terms/DispersalUnstructured"/>
    <field index="24" term="http://purl.org/pliniancore/terms/BehaviorUnstructured"/>
    <field index="25" term="http://purl.org/pliniancore/terms/InteractionSpeciesType"/>
    <field index="26" term="http://purl.org/pliniancore/terms/InteractionUnstructured"/>
    <field index="27" term="http://purl.org/pliniancore/terms/MolecularDataUnstructured"/>
    <field index="28" term="http://purl.org/pliniancore/terms/MigratoryUnstructured"/>
    <field index="29" term="http://purl.org/pliniancore/terms/EcologicalSignificanceUnstructured"/>
    <field index="30" term="http://purl.org/pliniancore/terms/EnvironmentalEnvelopeUnstructured"/>
    <field index="31" term="http://purl.org/pliniancore/terms/WhatImpact"/>
    <field index="32" term="http://purl.org/pliniancore/terms/Vector"/>
    <field index="33" term="http://purl.org/pliniancore/terms/Route"/>
    <field index="34" term="http://purl.org/pliniancore/terms/impactTarget"/>
    <field index="35" term="http://purl.org/pliniancore/terms/impactMechanism"/>
    <field index="36" term="http://purl.org/pliniancore/terms/InvasivenessUnstructured"/>
    <field index="37" term="http://purl.org/pliniancore/terms/HabitatUnstructured"/>
    <field index="38" term="http://purl.org/pliniancore/terms/DistributionUnstructured"/>
    <field index="39" term="http://purl.org/pliniancore/terms/EndemicUnstructured"/>
    <field index="40" term="http://purl.org/pliniancore/terms/TerritoryUnstructured"/>
    <field index="41" term="http://purl.org/pliniancore/terms/PopulationBiologyUnstructured"/>
    <field index="42" term="http://purl.org/pliniancore/terms/ThreatStatusUnstructured"/>
    <field index="43" term="http://purl.org/pliniancore/terms/DirectThreatUnstructured"/>
    <field index="44" term="http://purl.org/pliniancore/terms/LegislationUnstructured"/>
    <field index="45" term="http://purl.org/pliniancore/terms/UsesUnstructured"/>
    <field index="46" term="http://purl.org/pliniancore/terms/ManagementAndConservationUnstructured"/>
  </extension>
  <extension encoding="utf-8" fieldsTerminatedBy="\t" linesTerminatedBy="\n" fieldsEnclosedBy="" ignoreHeaderLines="1" rowType="http://eol.org/schema/media/Document">
    <files>
      <location>eolmediaextension.txt</location>
    </files>
    <coreid index="0" />
    <field index="1" term="http://purl.org/dc/terms/identifier"/>
    <field index="2" term="http://purl.org/dc/terms/type"/>
    <field index="3" term="http://rs.tdwg.org/audubon_core/subtype"/>
    <field index="4" term="http://purl.org/dc/terms/format"/>
    <field index="5" term="http://iptc.org/std/Iptc4xmpExt/1.0/xmlns/CVterm"/>
    <field index="6" term="http://purl.org/dc/terms/title"/>
    <field index="7" term="http://purl.org/dc/terms/description"/>
    <field index="8" term="http://rs.tdwg.org/ac/terms/accessURI"/>
    <field index="9" term="http://eol.org/schema/media/thumbnailURL"/>
    <field index="10" term="http://rs.tdwg.org/ac/terms/furtherInformationURL"/>
    <field index="11" term="http://rs.tdwg.org/ac/terms/derivedFrom"/>
    <field index="12" term="http://ns.adobe.com/xap/1.0/CreateDate"/>
    <field index="13" term="http://purl.org/dc/terms/modified"/>
    <field index="14" term="http://purl.org/dc/terms/language"/>
    <field index="15" term="http://ns.adobe.com/xap/1.0/Rating"/>
    <field index="16" term="http://purl.org/dc/terms/audience"/>
    <field index="17" term="http://ns.adobe.com/xap/1.0/rights/UsageTerms"/>
    <field index="18" term="http://purl.org/dc/terms/rights"/>
    <field index="19" term="http://ns.adobe.com/xap/1.0/rights/Owner"/>
    <field index="20" term="http://purl.org/dc/terms/bibliographicCitation"/>
    <field index="21" term="http://purl.org/dc/terms/publisher"/>
    <field index="22" term="http://purl.org/dc/terms/contributor"/>
    <field index="23" term="http://purl.org/dc/terms/creator"/>
    <field index="24" term="http://eol.org/schema/agent/agentID"/>
    <field index="25" term="http://iptc.org/std/Iptc4xmpExt/1.0/xmlns/LocationCreated"/>
    <field index="26" term="http://purl.org/dc/terms/spatial"/>
    <field index="27" term="http://www.w3.org/2003/01/geo/wgs84_pos#lat"/>
    <field index="28" term="http://www.w3.org/2003/01/geo/wgs84_pos#long"/>
    <field index="29" term="http://www.w3.org/2003/01/geo/wgs84_pos#alt"/>
    <field index="30" term="http://eol.org/schema/reference/referenceID"/>
  </extension>
  <extension encoding="utf-8" fieldsTerminatedBy="\t" linesTerminatedBy="\n" fieldsEnclosedBy="" ignoreHeaderLines="1" rowType="http://rs.tdwg.org/dwc/terms/MeasurementOrFact">
    <files>
      <location>measurementorfact.txt</location>
    </files>
    <coreid index="0" />
    <field index="1" term="http://rs.tdwg.org/dwc/terms/measurementID"/>
    <field index="2" term="http://rs.tdwg.org/dwc/terms/measurementType"/>
    <field index="3" term="http://rs.tdwg.org/dwc/terms/measurementValue"/>
    <field index="4" term="http://rs.tdwg.org/dwc/terms/measurementAccuracy"/>
    <field index="5" term="http://rs.tdwg.org/dwc/terms/measurementUnit"/>
    <field index="6" term="http://rs.tdwg.org/dwc/terms/measurementDeterminedDate"/>
    <field index="7" term="http://rs.tdwg.org/dwc/terms/measurementDeterminedBy"/>
    <field index="8" term="http://rs.tdwg.org/dwc/terms/measurementMethod"/>
    <field index="9" term="http://rs.tdwg.org/dwc/terms/measurementRemarks"/>
  </extension>
  <extension encoding="utf-8" fieldsTerminatedBy="\t" linesTerminatedBy="\n" fieldsEnclosedBy="" ignoreHeaderLines="1" rowType="http://rs.gbif.org/terms/1.0/VernacularName">
    <files>
      <location>vernacularname.txt</location>
    </files>
    <coreid index="0" />
    <field index="1" term="http://rs.tdwg.org/dwc/terms/vernacularName"/>
    <field index="2" term="http://purl.org/dc/terms/source"/>
    <field index="3" term="http://purl.org/dc/terms/language"/>
    <field index="4" term="http://purl.org/dc/terms/temporal"/>
    <field index="5" term="http://rs.tdwg.org/dwc/terms/locationID"/>
    <field index="6" term="http://rs.tdwg.org/dwc/terms/locality"/>
    <field index="7" term="http://rs.tdwg.org/dwc/terms/countryCode"/>
    <field index="8" term="http://rs.tdwg.org/dwc/terms/sex"/>
    <field index="9" term="http://rs.tdwg.org/dwc/terms/lifeStage"/>
    <field index="10" term="http://rs.gbif.org/terms/1.0/isPlural"/>
    <field index="11" term="http://rs.gbif.org/terms/1.0/isPreferredName"/>
    <field index="12" term="http://rs.gbif.org/terms/1.0/organismPart"/>
    <field index="13" term="http://rs.tdwg.org/dwc/terms/taxonRemarks"/>
  </extension>
  <extension encoding="utf-8" fieldsTerminatedBy="\t" linesTerminatedBy="\n" fieldsEnclosedBy="" ignoreHeaderLines="1" rowType="http://rs.tdwg.org/dwc/terms/ResourceRelationship">
    <files>
      <location>resourcerelationship.txt</location>
    </files>
    <coreid index="0" />
    <field index="1" term="http://rs.tdwg.org/dwc/terms/resourceRelationshipID"/>
    <field index="2" term="http://rs.tdwg.org/dwc/terms/relatedResourceID"/>
    <field index="3" term="http://rs.tdwg.org/dwc/terms/relationshipOfResource"/>
    <field index="4" term="http://rs.tdwg.org/dwc/terms/relationshipAccordingTo"/>
    <field index="5" term="http://rs.tdwg.org/dwc/terms/relationshipEstablishedDate"/>
    <field index="6" term="http://rs.tdwg.org/dwc/terms/relationshipRemarks"/>
    <field index="7" term="http://rs.tdwg.org/dwc/terms/scientificName"/>
  </extension>
  <extension encoding="utf-8" fieldsTerminatedBy="\t" linesTerminatedBy="\n" fieldsEnclosedBy="" ignoreHeaderLines="1" rowType="http://purl.org/pliniancore/terms/DistributionClass">
    <files>
      <location>pliniancore_distribution_v3.2.1.txt</location>
    </files>
    <coreid index="0" />
    <field index="1" term="http://purl.org/pliniancore/terms/DistributionType"/>
    <field index="2" term="http://purl.org/pliniancore/terms/DistributionScope"/>
    <field index="3" term="http://purl.org/pliniancore/terms/DistributionScopeType"/>
    <field index="4" term="http://purl.org/pliniancore/terms/TemporalCoverage"/>
    <field index="5" term="http://purl.org/pliniancore/terms/DistributionAtomizedClass"/>
  </extension>
  <extension encoding="utf-8" fieldsTerminatedBy="\t" linesTerminatedBy="\n" fieldsEnclosedBy="" ignoreHeaderLines="1" rowType="http://eol.org/schema/reference/Reference">
    <files>
      <location>eolreferencesextension.txt</location>
    </files>
    <coreid index="0" />
    <field index="1" term="http://purl.org/dc/terms/identifier"/>
    <field index="2" term="http://eol.org/schema/reference/publicationType"/>
    <field index="3" term="http://eol.org/schema/reference/full_reference"/>
    <field index="4" term="http://eol.org/schema/reference/primaryTitle"/>
    <field index="5" term="http://purl.org/dc/terms/title"/>
    <field index="6" term="http://purl.org/ontology/bibo/pages"/>
    <field index="7" term="http://purl.org/ontology/bibo/pageStart"/>
    <field index="8" term="http://purl.org/ontology/bibo/pageEnd"/>
    <field index="9" term="http://purl.org/ontology/bibo/volume"/>
    <field index="10" term="http://purl.org/ontology/bibo/edition"/>
    <field index="11" term="http://purl.org/dc/terms/publisher"/>
    <field index="12" term="http://purl.org/ontology/bibo/authorList"/>
    <field index="13" term="http://purl.org/ontology/bibo/editorList"/>
    <field index="14" term="http://purl.org/dc/terms/created"/>
    <field index="15" term="http://purl.org/dc/terms/language"/>
    <field index="16" term="http://purl.org/ontology/bibo/uri"/>
    <field index="17" term="http://purl.org/ontology/bibo/doi"/>
    <field index="18" term="http://schemas.talis.com/2005/address/schema#localityName"/>
  </extension>
  <extension encoding="utf-8" fieldsTerminatedBy="\t" linesTerminatedBy="\n" fieldsEnclosedBy="" ignoreHeaderLines="1" rowType="http://purl.org/pliniancore/terms/EndemicAtomizedClass">
    <files>
      <location>pliniancore_endemic_v3.2.1.txt</location>
    </files>
    <coreid index="0" />
    <field index="1" term="http://purl.org/pliniancore/terms/EndemicTo"/>
    <field index="2" term="http://purl.org/pliniancore/terms/EndemicIn"/>
  </extension>
  <extension encoding="utf-8" fieldsTerminatedBy="\t" linesTerminatedBy="\n" fieldsEnclosedBy="" ignoreHeaderLines="1" rowType="http://purl.org/pliniancore/terms/ThreatStatusAtomizedClass">
    <files>
      <location>pliniancore_threatstatus_v3.2.1.txt</location>
    </files>
    <coreid index="0" />
    <field index="1" term="http://purl.org/pliniancore/terms/ThreatCategory"/>
    <field index="2" term="http://purl.org/pliniancore/terms/Authority"/>
    <field index="3" term="http://purl.org/pliniancore/terms/ThreatStatusAppliesTo"/>
  </extension>
  <extension encoding="utf-8" fieldsTerminatedBy="\t" linesTerminatedBy="\n" fieldsEnclosedBy="" ignoreHeaderLines="1" rowType="http://purl.org/pliniancore/terms/LegislationAtomizedClass">
    <files>
      <location>pliniancore_legislation_v3.2.1.txt</location>
    </files>
    <coreid index="0" />
    <field index="1" term="http://purl.org/pliniancore/terms/LegislationName"/>
    <field index="2" term="http://purl.org/pliniancore/terms/ProtectionLegalStatus"/>
    <field index="3" term="http://purl.org/pliniancore/terms/LegislationRead"/>
    <field index="4" term="http://purl.org/pliniancore/terms/Status"/>
    <field index="5" term="http://purl.org/pliniancore/terms/Type"/>
    <field index="6" term="http://purl.org/pliniancore/terms/Norm"/>
    <field index="7" term="http://purl.org/pliniancore/terms/LegislationAppliesTo"/>
  </extension>
  <extension encoding="utf-8" fieldsTerminatedBy="\t" linesTerminatedBy="\n" fieldsEnclosedBy="" ignoreHeaderLines="1" rowType="http://purl.org/pliniancore/terms/UsesAtomizedClass">
    <files>
      <location>pliniancore_uses_v3.2.1.txt</location>
    </files>
    <coreid index="0" />
    <field index="1" term="http://purl.org/pliniancore/terms/SourceOfInformation"/>
    <field index="2" term="http://purl.org/pliniancore/terms/Use-Value"/>
    <field index="3" term="http://purl.org/pliniancore/terms/PartUsed"/>
    <field index="4" term="http://purl.org/pliniancore/terms/Users"/>
    <field index="5" term="http://purl.org/pliniancore/terms/Organisms"/>
    <field index="6" term="http://purl.org/pliniancore/terms/VernacularNameUseAnnotations"/>
    <field index="7" term="http://purl.org/pliniancore/terms/ProductionDetails"/>
    <field index="8" term="http://purl.org/pliniancore/terms/MeansOfApplication-Administration"/>
    <field index="9" term="http://purl.org/pliniancore/terms/SeasonOfAvailability-Use"/>
    <field index="10" term="http://purl.org/pliniancore/terms/Conservation-ExplotationData"/>
    <field index="11" term="http://purl.org/pliniancore/terms/UseTypeAtomized"/>
    <field index="12" term="http://purl.org/pliniancore/terms/Economics"/>
    <field index="13" term="http://purl.org/pliniancore/terms/RatingPopularity"/>
    <field index="14" term="http://purl.org/pliniancore/terms/Properties"/>
    <field index="15" term="http://purl.org/pliniancore/terms/Potential"/>
    <field index="16" term="http://purl.org/pliniancore/terms/UseNotes"/>
  </extension>
  <extension encoding="utf-8" fieldsTerminatedBy="\t" linesTerminatedBy="\n" fieldsEnclosedBy="" ignoreHeaderLines="1" rowType="http://purl.org/pliniancore/terms/SynonymsAtomizedClass">
    <files>
      <location>pliniancore_synonyms_v3.2.1.txt</location>
    </files>
    <coreid index="0" />
    <field index="1" term="http://rs.tdwg.org/dwc/terms/scientificNameID"/>
    <field index="2" term="http://rs.tdwg.org/dwc/terms/nomenclaturalCode"/>
    <field index="3" term="http://rs.tdwg.org/dwc/terms/scientificName"/>
    <field index="4" term="http://rs.tdwg.org/dwc/terms/scientificNameAuthorship"/>
    <field index="5" term="http://rs.tdwg.org/dwc/terms/namePublishedIn"/>
    <field index="6" term="http://rs.tdwg.org/dwc/terms/namePublishedInYear"/>
    <field index="7" term="http://rs.tdwg.org/dwc/terms/originalNameUsage"/>
    <field index="8" term="http://purl.org/pliniancore/terms/SynonymStatus"/>
  </extension>
</archive>
